{"cameraMode":{"drawMode":0,"name":"Shaded","section":"Shading Mode"},"sceneLighting":true,"audioPlay":false,"sceneViewState":{"m_AlwaysRefresh":false,"showFog":true,"showSkybox":true,"showFlares":true,"showImageEffects":true,"showParticleSystems":true,"showVisualEffectGraphs":true,"m_FxEnabled":true},"in2DMode":false,"pivot":{"x":0.15643739700317384,"y":-0.6668076515197754,"z":-7.09176778793335},"rotation":{"x":-0.07003936916589737,"y":0.922303318977356,"z":-0.19977518916130067,"w":-0.32334980368614199},"size":3.7037036418914797,"orthographic":false}