{"cameraMode":{"drawMode":0,"name":"Shaded","section":"Shading Mode"},"sceneLighting":true,"audioPlay":false,"sceneViewState":{"m_AlwaysRefresh":false,"showFog":true,"showSkybox":true,"showFlares":true,"showImageEffects":true,"showParticleSystems":true,"showVisualEffectGraphs":true,"m_FxEnabled":true},"in2DMode":false,"pivot":{"x":2.338484764099121,"y":0.795685887336731,"z":-7.238378047943115},"rotation":{"x":0.0035452009178698065,"y":0.992673397064209,"z":-0.11698747426271439,"w":0.030086975544691087},"size":2.8046505451202394,"orthographic":false}