{"cameraMode":{"drawMode":0,"name":"Shaded","section":"Shading Mode"},"sceneLighting":true,"audioPlay":false,"sceneViewState":{"m_AlwaysRefresh":false,"showFog":true,"showSkybox":true,"showFlares":true,"showImageEffects":true,"showParticleSystems":true,"showVisualEffectGraphs":true,"m_FxEnabled":true},"in2DMode":false,"pivot":{"x":2.660167932510376,"y":-0.4776649475097656,"z":1.2902469635009766},"rotation":{"x":-0.1713297963142395,"y":-0.08385208249092102,"z":0.014636344276368618,"w":-0.9815510511398315},"size":4.451970100402832,"orthographic":false}